Name,Address,Cuisine,Attire,Description,Website,Image_URL,Latitude,Longitude
Steve's,"1632 Crenshaw Blvd, Torrance, CA 90501",Diner,Any,Casual diner that has the BEST Club Sandwich and Fried Zuchinni. Would also recommend the French Toast Platter. Crispy Diet Coke.,https://order.online/store/25390339?pickup=true&redirected=true,https://lh3.googleusercontent.com/gps-cs-s/AHVAwepEQq1oh8RyLwCN9pT4ddg5uFsw7oMYKNmSC3NElOgX2OAenOilGuep8AgjkQUCIaZhdeGTwbg8SUjCJXS5k9svYd6RNTS5wswKzo4ajm8OwQlRuDKG5JwWOlMLyZFV5oY9XfG7qyEd2tU5=s1360-w1360-h1020,,
Din Tai Fung,"21540 Hawthorne Blvd, Torrance, CA 90503",Chinese,Nice-Casual,"Shangnai Chinese cuisine with a great atmosphere. Pork XLB, Spicy Wontons, Shanghai Rice Cakes with Chicken, skip the Short Ribs but go for the Spicy Peanut Noodles and the Green Beans. Crispy Diet Coke!",https://dtf.com/en-us,https://lh3.googleusercontent.com/gps-cs-s/AHVAwepfIAvbR_nZsi5Jg5CE3Rl9k6QJdioyIRST2DW19tZZ3NaMlXfzePC_ZZz4A7ouFTX48elgjMT6sJL6WTvOuPTpTUX_XJmzuXgs8B_a_FPMwIdFclKz__uE9Lu018V5aeUH0QkLD__V0DKV=w243-h174-n-k-no-nu,,
El Burrito Junior,"3830 Pacific Coast Hwy, Torrance, CA 90505",Mexican,Any,"Yes, it's a chain, but this is the location is the best. Breakfast is superior here, but go past ~9am in order for the beans to be the best. No Diet Coke.",https://el-burrito-jr.menu-world.com,https://lh3.googleusercontent.com/gps-cs-s/AHVAweoxwOjPmWq6AM77ytIWo0FNFc2q6hRD0nVeOXYKl1hSU5_aakfJ5aSpui52DJKJFF-Vvi4g-dnK02Gkcadvp1fR0-yXHcM3f11EXD_Fs-Mifs_NLK6vSenqtHpirE8Z5heyDb0j=s1360-w1360-h1020,,
Riviera Mexican,"1615 S Pacific Coast Hwy, Redondo Beach, CA 90277",Mexican,Nice-Casual,"Thin chips, delicious salsa. Baja Fish Tacos are AMAZING and so are their Fajitas.",https://www.therivmex.com,https://lh3.googleusercontent.com/p/AF1QipMz-wwO_N2M6XjaueZcnX37vXMEaq-ZEfsdctEP=w289-h312-n-k-no,,
Original Pancake House,"1756 S Pacific Coast Hwy, Redondo Beach, CA 90277",Breakfast,Any,"Best location I've evber been to. For parties of two- split the Ham and Cheese Omlette with a cheddar-jack mix and an extra side of pancakes. Be aware of long lines on the weekends. No reservations, waitlist only. Diet Coke in a can.",https://www.ophredondobeach.com/mobile/,https://lh3.googleusercontent.com/gps-cs-s/AHVAweoByJclyLYBdA48yDVRBLTcwdreZGc6j4O6qVLSxwpEeqge0AKLgKp0vdJY1axg49lnKHHsOrKPJPrxTL9nSOYitwIZswvskTZFNX76MPs6fRr8Ml9hFup-C8qfkxmLE8Uvfyl7A3K6m8sQ=s1360-w1360-h1020,,
The San Franciscan,"2520 Sepulveda Blvd, Torrance, CA 90505",Old-School Stealhouse,Nice-Casual,"A South Bay staple. Pork Chop is tasty, but it's more about the vibes. If you go on the right days, there's a live band and it really feels like you've stepped into the 1970s. Cosmo martinis are spectacular, but take an Uber.",https://www.the-sanfranciscan.com,https://lh3.googleusercontent.com/gps-cs-s/AHVAweoKryYPpE45-C41Lj84fosOu37KZnUUIKp8bFvoKtuvfO-DQbv3ANau5ltHKP-IcdciPHJzRqR7L5VcdkuZDsWottVIp3I9-6G-dV-P6FTkJImaHYQdrSIY6GjfFboqqlOz85pPE5p6HTvA=w289-h312-n-k-no,,
Fete Bistro by Slay,"1017 Manhattan Ave, Manhattan Beach, CA 90266",French,Chic,"Steak frites are fresh and crispy, Moules en Frites are a must-order. Great selection of French wine, and craft cocktails were very well-made.",https://www.fetebyslay.com,https://lh3.googleusercontent.com/p/AF1QipP3DUogjLcSLuQvScLUbSZGbB5Mq5xCCJCx-LZa=s1360-w1360-h1020,,
X Speakeasy,"1017 Manhattan Ave, Manhattan Beach, CA 90266",Bar,Chic,"Great place for a drink after dinner. On a Thursday, it'll be a little empty but all the better to actually talk to the people you're with.",https://www.xspeakeasy.com,https://lh3.googleusercontent.com/gps-cs-s/AHVAwepw0aq9fqzXzlM6QjKtH0b9TfWyQ92v6I0q9FQlLASdVQugnQ0T-7kuua7MJVq_MRmijJu4Ng_WkRzZTiJuJ4D1SfeiNWSc9o_CXwGWnm3W6R1vjwilEHMkzhzDWUelNKjiFEqhS4g30eA=w289-h312-n-k-no,,
Musso and Frank's,"6667 Hollywood Blvd, Hollywood, CA 90028",Old-School Steakhouse,Very chic,"A Hollywood institution for a reason. Waiters still wear bow-ties and will tell you whose booth you're sitting at when you get sat. I don't even care if they were telling the truth or not. Go on a Thursday for the Chicken Pot Pie or a Saturday for a can't-miss Short Rib. Lamb is also incredible. Surprisingly, so is the Rigatoni with Lamb Ragut. Take an Uber- cocktails are strong and wine is too good to put down.",https://mussoandfrank.com,https://lh3.googleusercontent.com/gps-cs-s/AHVAweqDC5076Ux4WiS7sL2bgnw8a-fBzFGGmMzp7SdSbvnnVZLZpusqLfo5FwvxMInVJrrL_MDiStsudnHWOMOX3Ff56q90bh92QuvKtp1uS3C_IQm7ueaaHB1EZNseuNFQi9qIlkl0=w289-h312-n-k-no,,
Baja Sharkeez,"52 Pier Ave, Hermosa Beach, CA 90254",Bar,Jeans and a going out top,"I've never eaten the food here, but I can say with absolute certainty this is a spot for the >30 crowd. Go with a friend and get the Shark Attack and you can repurpose the bucket as a flower vase.",https://sharkeez.net/hermosa-beach/,https://lh3.googleusercontent.com/p/AF1QipNTRcgp62YLpPa6tjFWtwJuOeWuUrdMR4fu1-2g=w289-h312-n-k-no,,
The Strand House,"117 Manhattan Beach Blvd, Manhattan Beach, CA 90266",Upscale New American,Nice-Casual,"Citrus Ahi Tuna Salad, Fiedo di Mare, Double Cut Lamb Chops, Parker House Rolls. You won't have room for dessert, but order the Glazed Donuts anyway. One bite won't kill you, but the regret of not having them might. ",https://www.thestrandhousemb.com,https://lh3.googleusercontent.com/p/AF1QipMXfvGB_lMxi-2V4GqkVJtULNJZzHmgyqBvJGL-=w289-h312-n-k-no,,
The Penthouse,"1111 2nd St, Santa Monica, CA 90403",New American Beachy,Chic,"Tuna crispy rice is perfect for an appetizer, but it might only be available for lunch. During a clear day, you can see the whole beach and the water is gorgeous, and at night the skyline is incredibly gorgeous. Duck L'Orange is beautifully presented, have an espresso martini for dessert instead of the souflee- I've been tricked before. ",https://www.penthouserestaurant.com,https://lh3.googleusercontent.com/p/AF1QipPRDeBWA9zlidyarX46s2rW6xINzpOd7b_N0c3l=w289-h312-n-k-no,,
Tower 12,"53 Pier Ave, Hermosa Beach, CA 90254",Bar,Jeans and a going out top,"Never eaten here either, but this is the place that I run into everyone from highschool at. Every time, regardless of time of year. Something special about their Cosmo, but too many might have you asking, ""Why didn't we date again?"" to the people you really should not be asking that. ",https://tower12hb.com,https://lh3.googleusercontent.com/p/AF1QipNMSbnRkCrFUaxBmAbTg8sOSWuOvh4SAXidJYB2=w289-h312-n-k-no,,
Redondo Beach Brewing Company,"1814 S Catalina Ave, Redondo Beach, CA 90277",Casual,Any,"Great lunch spot, especially if it's warm enough to eat outside. Chinese chicken salad, tossed in the kitchen, with extra dressing on the side and a crispy Diet Coke and the sunshine helps make it the perfect place to have a pit stop while walking around the Riviera. ",https://www.redondobeachbrewco.com,https://lh3.googleusercontent.com/p/AF1QipN5zxBYHenIA117SDb9pi_52cUUoRmIay85FQxe=w289-h312-n-k-no,,
Rebel Republic Social House,"1710 S Catalina Ave, Redondo Beach, CA 90277",Bar,Any,"Never eaten at this spot either, but their seasonal cocktail menu is always fun and the most interesting people in Redondo tend to congregate here. Two drink max- otherwise the price on your tab might shock you. ",https://www.rebelrepublicsocialhouse.com,https://lh3.googleusercontent.com/p/AF1QipN51h0bh0H9n5iqKkipDkuvYJMMlMARf5TsdIUv=w289-h312-n-k-no,,
Riviera House,"1708 S Catalina Ave, Redondo Beach, CA 90277",New American Beachy,Casual,"Start with a Scarlet Letter or a Killjoy, share the Poke Nachos or the Coconut Shrimp and try the Fish and Chips. No need for dessert here, or throw in a third app (Coconut Curry Mussels- yum!) and keep it light! Great patio space and beachfront vibes. ",https://rivierahouserb.com,https://lh3.googleusercontent.com/p/AF1QipM8LtElSWA7TvePli64EiYU4tEFH6Hti_BAM_0q=w289-h312-n-k-no,,
Rockefeller,"1707 S Catalina Ave, Redondo Beach, CA 90277",New American Beachy,Nice-Casual,"There's a reason The Obvious Choice is named that. A bright, fresh, subtly sweet cocktail starts the perfect background to some fabulous Ahi Wonton Nachos that are individually put together (this is important to me specifically so I'm including it). If you're there for lunch, the Healthy Steak Salad is light and refreshing, but for dinner he Crispy Chicken Sandwich is incredible with a side of the Truffle Fries. As far as their wine selection, I've gotta reccomend a glass of the Daou Sauvvy B with any of the above. ",https://www.eatrockefeller.com,https://lh3.googleusercontent.com/p/AF1QipO4zZk3LmNLClgKIPv2l3Jhn0ugB7gF91WaeYq5=w289-h312-n-k-no,,
Good Stuff,"550 Deep Valley Dr #151, Rolling Hills Estates, CA 90274",Diner,Any,"A chain of diners around the South Bay, it just depends where you are in the area. This location is usually the least full, and there's a nice scenic drive up there. For breakfast, the California Quesadilla is great, and the Loco Moco is one of the best outside of Hawaii I've ever had. For lunch, the Chase's Fried Chicken wrap with Fries is INCREDIBLE and somehow magically gluten free if you're into that sort of thing.",https://eatgoodstuff.com/palosverdes/,https://lh3.googleusercontent.com/p/AF1QipPYRSaZL6eOObJgiQwOM4Y3ZErYpvFLddqBev1-=w289-h312-n-k-no,,
Nelson's,"100 Terranea Way, Rancho Palos Verdes, CA 90275",Fish,Nice-Casual,The Ceviche or the Ahi Poke Bowl are so fresh and if you're lucky enough to be there during whale watching season they feel like the bait that's drawing them closer. The Fish and Chips are fresh (the oil tastes clean which is another weird thing to say but it's important) but the Spicy Chicken Sandwich is also a big hit (I get no cheese). Grab a glass of Whispering Angel (or two!) and enjoy the cliffside view.,https://www.terranea.com/dining/nelsons/menus,https://lh3.googleusercontent.com/gps-cs-s/AHVAwerH2KXEkdM9l_cH0FWkNh4V7LFDV4erKjA1xRQo2iqLl5j0EPIso0ptbUWt0rzOB_QUHTBeUZ2E9kwJhVLcJMAXWwt0s8tbGluy1l8a371ISFz4_nB16WOvmQNUhEydyIb6aX1SAlY5JMI=w289-h312-n-k-no,,
Mar'Sel,"100 Terranea Way, Rancho Palos Verdes, CA 90275",Upscale New American,Resort nice,"Before a dinner here, I had never had a homemade English Muffin. It changed my life- and that's just the free bread. The burrata was incredible, the Carpaccio even better, and the Porcini risotto was a little unmemorable. I'd trade that in for the Ragu di ""Carni Bianche"" which I only had one bite of but I wanted more. The Pavlova is an incredible end to a meal there, and the atmosphere elegant and refined.",https://www.terranea.com/dining/marsel,https://lh3.googleusercontent.com/p/AF1QipPLYqaaX7Rwg3IWVoY2ljI8a-goIKoAV-CfJVOW=s1360-w1360-h1020,,
The Hare,"1800 E Broadway, Long Beach, CA 90802",Bar,Jeans and a going out top,"I'd call this more of a dive bar than anywhere else on this list, but it's a great place to end the night. Floors are slightly sticky, clientele is all locals, but it's a neighborhood type of place. Nothing immensely special, but a place where you'll still feel at home. ",https://www.theharelb.com,https://lh3.googleusercontent.com/p/AF1QipMFQ33hjSfT9pbK2E1V3WKhCjELQbNIuoth5UB9=w141-h235-n-k-no-nu,,
Saint & Second,"4828 2nd St, Long Beach, CA 90803",New American,Chic,"Bone marrow. Parker House Rolls. French Onion Soup. 100 Layer Lasagna. You'll have to roll out of there. Fun on a weeknight, definitely get a reservation either way, the wait can be brutal. And for good reason",https://www.saintandsecond.com,https://lh3.googleusercontent.com/gps-cs-s/AHVAweo3J9V6EwsBmnOh7bN84y7UIhwqU7nTtnxVyWCGqMnkDJVbMOXdZE1WapZY75UkA0Cyw3wK3mMGo_xGIf9uyjhwefpyJoTJ3f1g-EYtaQ6-BDSkxk3W667vjDSv5wf08LdwRc4ECWEzkA-A=w289-h312-n-k-no,,
The Second Owl,"5272 2nd St, Long Beach, CA 90803",Thai,Nice-Casual,"The Kao Soi curry from here still haunts my dreams. It's silky, spicy, and the meat in it is tender. It's truly a fabulous place.",https://thesecondowl.square.site/?location_id=LTT7R199BWJXY&fulfillment=PICKUP,https://lh3.googleusercontent.com/gps-cs-s/AHVAwerD__eHh1-PmQjh_itZYFsWcuNSDIKX9JIZ72BZ-ziWHhsCgshLsf_aeIzvpRvpLkzgx8UiTfQy6-kcl6wm3rfbI3FD1S-76o2PQC7zqrfIpP6SMuTNjDfApm1yzu3utroF1pnM6N0Jo9pN=w289-h312-n-k-no,,
Marlena,"5854 E Naples Plaza, Long Beach, CA 90803",Greek,Chic,"Start with the Bianco bread, but the pizzas are the star of the show. My top two are definitely the spicy salami and the blue oyster mushroom- the crust is thin, there's a little bit of char on the crust, and it compliments the atmosphere perfectly. If you MUST have something green then get some of the olives from the starter menu. I have it on good authority the olive oil is great to dip the bread into, but I can't vouch because I don't like olives.",https://www.marlena-longbeach.com,https://lh3.googleusercontent.com/p/AF1QipOOu_GtW0lix-mwVHr4HWAj_iAEK-0iimiD-ER3=w289-h312-n-k-no,,
BOA,"9200 Sunset Blvd, West Hollywood, CA 90069",Steakhouse,Fancy but not black tie,"I've said it once, and I'll say it again: I'm a sucker for a Parker House Roll, and these are some of the best. The Hamachi Crudo is so fresh and clean, and a hidden gem would definitely be the Goat Cheese Baklava. When I was here, we did family-style dining with a couple of their steaks, but by far the best was the 6666 Ribeye. It's some sort of special collaboration but it is incredible. The wagyu was the same as any other steakhouse, but the twice baked potato with caviar was a little too rich for my blood. I'd drift toward a steak hedre, but I'm sure that the seafood is good too.",https://www.boasteak.com/west-hollywood-location/,https://lh3.googleusercontent.com/p/AF1QipP287PkW0bhtKbDl5mj9a1DflAl0E2pL283JrDb=w289-h312-n-k-no,,
Eddie V's,"2101 Rosecrans Ave, El Segundo, CA 90245",Steakhouse,Fancy but not black tie,"I'm a sucker for a mule of any sort, so please believe me when  say that the Pomegranate Mule is a spectacular feat. Because I'm picky, I get it with Grey Goose, but if you like Tito's I'm sure that's good too. This is one of the only places I'll get oysters on the half shell, but it's because their cocktail sauce is so incredible. The oysters are basically a vessel for it because it's so good. I'd encourage splitting the Bone-In Ribeye with the Au Gratin Potatoes and the Grilled Asparagus and do your best to not pop a button on your pants. ",https://www.eddiev.com/locations/ca/el-segundo/el-segundo/8526,https://lh3.googleusercontent.com/p/AF1QipPhTv7p0_Qjg5-CMDrigmlFqHOslULxWJQ2lzn8=s1360-w1360-h1020,,
Flemming's,"2301 Rosecrans Ave #1125, El Segundo, CA 90245",Steakhouse,Fancy but not black tie,"The crab cakes are absolutely to die for, and so is the Carpaccio. Something about the sauce drizzled on the top just melts with the thin beef in your mouth and you ascend to the heavens. I'd recommend wholeheartedly getting the garlic butter mushroom topper with whatever steak you choose, because it makes it entirely succulent and earthy. The Short Rib is rich and perfect for the winter, but keep in mind that richness because you'll need to save room for one of the most fabulous glasses of Sauterns at the end (Chateau Climens just in case you get lost).",https://www.flemingssteakhouse.com/locations/ca/el-segundo,https://lh3.googleusercontent.com/gps-cs-s/AHVAweoe8q44QEnSJMrjdC4jDKEToumXMpD2Ijq3Y0HBoGkduUdCnKnQqQx2IdLlhnYp8-Sc5Bd1cJ-xDJL6ris-EfSCFi4-KSGphWh7sO3NHCS1F2DScEiQo-lj3GaNL_DZAMfnrBUjFjuM8Sqz=s1360-w1360-h1020,,
Sugarfish,"304 12th St, Manhattan Beach, CA 90266",New Chinese,Very chic,"Be adventerous. Go for the ""Don't think. Just Eat. Trust Me."" and let it take you on the most spectacular omakase journey at one of the most reasonable prices I've seen in a while. Not for the faint of heart though, as I was exposed to fresh uni for the first time here and while that particular piece I would not enjoy again I'm sure other people will like it.",https://sugarfishsushi.com/locations/manhattan-beach/,https://lh3.googleusercontent.com/p/AF1QipNOwukoKk-6hj6y-cObg1nWtXW5zKU8lERq6_OX=s1360-w1360-h1020,,
Crustaean,"468 N Bedford Dr, Beverly Hills, CA 90210",Vietamese and Fish,Nice,Completely bypass half the menu and head for the secret section at the bottom. Ask your server very nicely to do an order of the crab out of the shell WITH the famous garlic noodles. Acompany it with the Wagyu Fried Rice (the pineapple is so pleasant and tart) and the Ginger Sea Bass. Highly reccomend the incredible Coconut Margarita with a black salt rim- it had some sort of fancy name that's escaping me right now.,https://www.crustaceanbh.com,https://lh3.googleusercontent.com/p/AF1QipOFhTVa6s0xmvUbG0CcT1J7inIq2-UBHQ2R1X7F=w289-h312-n-k-no,,
CUT,"9500 Wilshire Blvd, Beverly Hills, CA 90212",Steakhouse,Fancy but not black tie,"There are a few of these too, but I've never had as much fun at them as I have at this location. Maybe it's the staff, maybe it was the company, but this is a CUT above the rest (ha get it) and especially convienent if you're staying in the Beverly Wilshire Hotel, where it's located. Or, if you're just feeling boujee. ",https://wolfgangpuck.com/restaurants/cut-beverly-hills/,https://lh3.googleusercontent.com/p/AF1QipOTIEN9c160ZegNJb7vAVi-hLmGKsc3fytwJTcK=w243-h174-n-k-no-nu,,
Bacari,"9601 Brighton Way, Beverly Hills, CA 90210",Mediterrenean,Nice,"There's too many good things on this menu to just point to a few things, but I will anyway. The Lamb Hummus is incredible, as are the Shawarma Tacos, but one of the best is the street corn. If it's warm enough to sit outside, go for it. The people watching is out of this world.",https://www.eatwithbacari.com/beverly-hills,https://lh3.googleusercontent.com/p/AF1QipMczgGaYrCtqC9NNI5jWAhLXjKuvJMqKhy8QSvB=w289-h312-n-k-no,,
Mastro's Ocean Club,"246 N Canon Dr, Beverly Hills, CA 90210",Fish,Fancy but not black tie,"There's a handful of these, but this location is only second to the location in Las Vegas. The Sea Bass might be the best thing on the menu because it's so simply done, there's not a fancy sauce to hide behind, just the crisp taste of the fish and the buttery texture of the sea bass in the first place. The Butter Cake is worth getting, but it is very rich at the end of the meal and unfortunately does not travel very well. ",https://www.mastrosrestaurants.com/location/mastros-ocean-club-la/,https://lh3.googleusercontent.com/p/AF1QipPX2JE3IKnIcbusYo-ujO_RDlq6KMG2kmrc3Pq7=s1360-w1360-h1020,,
Circa 55,"9876 Wilshire Blvd, Beverly Hills, CA 90210",Upscale New American,Nice,"I'd recommend this place for their clean breakfast smoothies, juices, and health-food options. It feels like somewhere out of a wellness retreat (with a stunning view) but their pancakes are to die for. Get all the toppings on the side though, beause it's too much alltogther. But, share them with the table if you need something savory too.",https://www.hilton.com/en/hotels/laxbhhh-the-beverly-hilton/dining/circa-55-rooftop-restaurant-lounge/,https://lh3.googleusercontent.com/gps-cs-s/AHVAweoQoCuJvh1mBxr8irKAGMHBg1F5Z5_Jwcl8hrEP0i_Ck4UqEnQN7p-IOluDUymomafLmjhkJghtj4ZgSHeYA95w8tlMLW6XSuV4xh0BEaOcf31n2yaGNNvInbPg9Iaum7AFjwIv=w289-h312-n-k-no,,
Bar Noir,"140 S Lasky Dr, Beverly Hills, CA 90212",Bar,Jeans and a going out top,"This is one of the best-kept industry secret bars. It's a quieter place to go, in a boutique hotel in Beverly Hills, and a very popular spot for wrap parties for the studios down the way. It's dark, moody, and the drinks are very well crafted. They're also one of the only bars that I know of that does an absinthe tasting, which is a perfect ""I did it once"" type of experience!",https://www.facebook.com/p/Bar-Noir-Maison-140-Beverly-Hills-100068586385148/,https://lh3.googleusercontent.com/gps-cs-s/AHVAweoSeFqKussL45V9gIRhMA4MUtOTB_YKWHGBF8KCdvezNCykJN123uOSb9FkQqd0KEF2Mepq3zCuhz6JqYDbriuBVe5RNgRMq1WMQdZdWvNciyM06zcSrlUjwe_4eDfySFlKRETtgk7XhySH=s1360-w1360-h1020,,
Tartine,"3921 Sunset Blvd, Los Angeles, CA 90029",Bakery,Any,"It's rare that I find a good club sandwich ouside of a diner, especially one at a place that looks as pretty as Tartine. The Turkey Club is somehow out of this world, and it's honestly even better for breakfast if you add an egg. This would by no means be a light meal, though it might if you end up with one of the salads that I'm sure is tasty enough. ",https://tartinebakery.com/los-angeles/silverlake,https://lh3.googleusercontent.com/gps-cs-s/AHVAwer9Y6kJ_rFfG7pxOVlz6L4VBzWpC6GMlZHFoRypFl5k2hzdzTBiW5LhUAQ-T27gdAwlrmcRQy4pODl5KF4-X5KRxuGWvr9P10NcPcvRGjksJ4AjMx-nL8L663scIPqF-p6NVqmU=w243-h174-n-k-no-nu,,
Nobu,"22706 Pacific Coast Hwy, Malibu, CA 90265",Fish,Very chic,"Yes, I know this place is for the influencers. Go during lunch when the view of the beach and the water is at its peak, and you won't regret it. Go for the Yellowtail and Jalapeno, skip the Toro Tartare, but trade it in for the Seaweed Salad. The Spicy Tuna Crispy Rice will not be presented in the way you would expect, for better or for worse, but the Wagyu Tacos exceed expectations. The Black Cod is a staple for a reason, and the Affogato with specifically the Black Honey Gelato is incredibly memorable. Make sure the phone eats too- you've gotta fit in somewhere.",https://www.noburestaurants.com/malibu/nobu-malibu-japanese-restaurant-bar-and-lounge,https://lh3.googleusercontent.com/p/AF1QipN57l5b2TnWLaOSrYP-5NWFXGUnGYO9TbcXYjjl=s1360-w1360-h1020,,
Big Nick's,"1110 N Gaffey St, San Pedro, CA 90731",Pizza,Any,"This is the perfect pizza place for takeout, but if you're going to get anything else then I'd eat in. It doesn't usually travel well. The BBQ Chicken pizza has one of the best thin BBQ sauces that's sweet, vinegary, and just a little spicy but it soaks into the crust for one of the most tantalizing experiences. My dad vouches for their meat-lovers pizza, but somehow I never get to have a piece of that. ",https://www.bignickspizza.com,https://lh3.googleusercontent.com/gps-cs-s/AHVAwepKeddqFaXwApjxmuv6hV0Jb_ai8gvOT59A0xrbwk2NryZScPtkCGy_SdwqPNVhn4JUAsAwIRTftkrfNl1NFdiJfNToPczf2rztfpvKalPVML1fvimPd9eFEFZNsZV5GIZ1tGOrT_w1ZJQ=w289-h312-n-k-no,,
Golden Pheasant,"1077 W Carson St, Torrance, CA 90502",Chinese,Any,"Currently, this spot is temporarily closed. However, if it's after March 9th, then make a beeline for this place before everyone else realizes it's open again. Their wonton soup is the most comforting thing that I've ever eaten, and the Mongolian Beef is so thinly sliced it's almost paper thin. If you must have something green, the Sauteed Chicken with String Beans has a deliciously garlicky and tangy sauce. If noodles are more your thing, the BBQ Pork Pan Fried Noodle is mouth-watering. The menu is like the Cheesecake Factory- it's pages and pages of things that are all delicious. The only thing I'd not get tricked by is the Sizzling Rice Soup, because the rice just gets soggy after a while. ",https://www.instagram.com/thegoldenpheasant/?hl=en,https://lh3.googleusercontent.com/gps-cs-s/AHVAweoqju_RuoHpoT5F8sF0p5MXYdd7uPMMR0Gbo4VmqUJl23nA6A8ElxU96KgqIIwpYDZ0j27L86X2K38AmKXVk5gCjNL8reQ4RnKBm6YneBU-5kfIOt81PHvePcwdjFYGwD50WJc=w243-h406-n-k-no-nu,,
Totoyama Sushi,"6201 Hollywood Blvd Suite 118, Los Angeles, CA 90028",Sushi,Chic,"This is an intimate, warm sushi restaurant. The chef is right there, and will tell you about anything you want to hear. If the place is empty enough, you can ask him about his early days and there's a few interesting stories there. The sushi is fresh, clean, and all very well put together. It's a short walk to the Hollywood Pantages Theatre, and if you're catching a matinee it's the perfect prequel. Make a reservation there though, just in case.",https://www.totoyamasushi.com,https://lh3.googleusercontent.com/p/AF1QipM1YqCCNegwLYIJPG-D9wODRSrIS7yKEA0yhTqi=w289-h312-n-k-no,,
Slice and Pint,"601 N Pacific Coast Hwy, Redondo Beach, CA 90277",Pizza,Any,"I love that you can get a couple slices and a pint here for a reasonable price. They have interesting rotating selection that you can get individually, but they also have a curated list of phenomenal pizzas that changes every day. The beer here is all from local breweries around Redondo, El Segundo, and Manhattan Beach. It's a truly local place that has high ceilings and a little bit of an industrial vibe. Plus- consistent 80s music. ",https://www.thesliceandpint.com/menu/,https://lh3.googleusercontent.com/gps-cs-s/AHVAwepuyajkmiTmzvEBQp_s0kYlBASA_45Y4LaV2EDOiA8pDm-ks30nEShMNi_fHGe3ISrOgJkU1daA02ZXpyQJRFrbWHi-Zs002bvrCTkV9yyDiCoZ0wR8U4fxbg4sSzZ9lc_YtjFgbg=w289-h312-n-k-no,,
Yum Thai Bistro,"1888 CA-1, Redondo Beach, CA 90277",Thai,Any,"This place is usually a prequel to the ice cream shop next door (see the Handel's description) but it is the perfect overture. Light, fresh Thai food with kind service and some of the best fried tofu as an appetizer. The Tom Kha is velvety yet still light from the bright lemongrass and lime juice, and the Pad Thai is the first one I've ever had and is by default the one I measure all the rest against. Don't fill all the way up though, Handel's is next door.",https://yumthaibistro.com,https://lh3.googleusercontent.com/gps-cs-s/AHVAweotpWq22ZwYi1jEmc769QBH5c7Vx9uykfv28hHx9zckhf5PDOJ7eYWIuTNRaymA25VDfRy0BPjeEnMphSoMUgTUwCD7M6hD3GI0LNr_yq86bC0AWRcKPmYQJidI_nk1cmY5o49CelA2WAUq=w289-h312-n-k-no,,
Handel's Ice Cream,"1882 S Pacific Coast Hwy, Redondo Beach, CA 90277",Dessert,Any,"I can't eat any other ice cream without wishing it was from this place. It's fresh, dense, and they do not skimp on the toppings. When I'm in the mood to chew my ice cream, I gravitate to the Oree-Dough, which has chocolate chip cookie dough and Oreo pieces scattered throughout a creamy vanilla base. However, if I just want to sit there and enjoy a scoop on a cone,  then I'd push you toward their cake batter flavor. It's exactly like yellow cake batter, but without the risk of salmonella. The list of flavors is a mile long, and there's something for everyone there. ",https://handelsicecream.com/store/redondo-beach/,https://lh3.googleusercontent.com/gps-cs-s/AHVAwerCYqvPlZUyMlBY20tk8gGV7K5HtftmghdonKQAnRxtNhb_4Y41Hz6v3qQzWrY5L1BTC0_zM4R4pD4qGI7VWhaPvQM6Gz76bq2lIEBAXXbrYYF0tf8jJ6T3RrRVViXuZB8gCaCyLLDsU_w=s1360-w1360-h1020,,
Ko-Ryu Ramen,"24631 Crenshaw Blvd unit K, Torrance, CA 90505",Ramen,Any,"A little chill in the breeze? Head down to one of their two locations to ward it off. Their Koi Ramen is incredibly rich that warms you from the inside out because they use both chicken and pork in this tonkotsu-style broth. I like to get it with bamboo shoots for that texture, but there's a variety of additional toppings that can personalize the bowl to your taste. The gyoza appetizer is a great starter, and you can tell that they're made in house. The way they package it too is well-designed and travels well back to wherever you're staying.",https://koryuramen.com,https://lh3.googleusercontent.com/gps-cs-s/AHVAweqWpB5NL0Iv-s7vnJIGY5RSrhurvQ_HFLJp9Y5e1ABbRqs4_EjrOTQHV1QK0ejyUy0f_g_KqTtnXSmOSBQwZsfuI0Hv_Y_cxeUt4JvnLzvbP5xVSDtN91zEge7TzFOoKwkg0rjZ=s1360-w1360-h1020,,
Ginza AYCE Sushi,"24215 Crenshaw Blvd, Torrance, CA 90505",Sushi,Any,"A great casual, neighborhood sushi spot that feels pretty authentic. This isn't the type of place to go to for omakase, but their specialty rolls are fresh and some have unique flavor combinations that have influence from all over the world. Conviently located and a good spur-of-the-moment place when you need a bite!",https://www.ginzasushitorrance.com,https://lh3.googleusercontent.com/gps-cs-s/AHVAweodsXo08ITsXDQBtek2DPfWHJOS1jMo8ruD4cQ5o2AUozLIAn7pmgLAwoDmEm-SmA1411sMAFENa3Xp87tlDAskVrnTzogsjJF9hEHbHapu1XxCdi8MbWnm4VVrtmJIT2gJyouVBQ=w289-h312-n-k-no,,
Bonnello's,"24427 Narbonne Ave, Lomita, CA 90717",Pizza,Any,"Nestled in Downtown Lomita, this pizza place has been there for as long as anyone can remember. Their Sicillian slices are the perfect blend of crispy, thick, with a rich tomato sauce that can only be from San Marzano tomatoes. The windows have paint drawings all over that are chipped, and the photographs are faded, but this place isn't going anywhere anytime soon. ",https://www.yelp.com/biz/bonellos-new-york-pizza-lomita,https://lh3.googleusercontent.com/gps-proxy/ALd4DhEoc6V6i2hL_eab6dCxq6W8aglGg8qhmWVN86axUVvZ7vNXjXkRB8k7zEBwOt73v3unWcOkfCNNvEkj7uBLP8_gjkdpowf-gEJKQH7QRT7P53zEP6p1HUS3VJazdBZ2owwn10uXsEyEvwyJHwGR_uCEwKMFbhJ3qsGzkdYU5D8X33ymH-XlxbN5ylg=w289-h312-n-k-no,,
Corridor Flow,"24614 Narbonne Ave, Lomita, CA 90717",Coffee,Any,"Of the pretentious coffee shops in Los Angeles, this is one of the best. Yes, they have the seven-dollar lattes, but the Cereal Latte is one of the best. Their bagel and lox isn't bad either- but their Avodaco Toast is absolutely killer. Their matcha is pretty good, but I'd stick to the coffee. ",https://www.corridorflow.com,https://lh3.googleusercontent.com/p/AF1QipNCsjUlkpmqAyv61o94R7d3AlrDy1PABdOIWtHF=w289-h312-n-k-no,,
Hi-Fi Espresso,"1815 S Catalina Ave, Redondo Beach, CA 90277",Coffee,Any,"I love this place! Especially, I love the Bees Knees latte- the hot honey is such a pleasant surprise and somehow works. This is strange for me, because I don't tend to like spicy drinks but this is an exception. The French Toast Latte is also very pleasant- the cinnamon and maple work in harmony with the bitter coffee. Theres a few locations, but I like this one the best.",https://www.hifiespresso.com,https://lh3.googleusercontent.com/gps-cs-s/AHVAwepfjTlc_F2hs3LEmrG5MeGvSFJdPi4zerjYMcn6BuuDK4NGrHmcKJmhVNngwN89Abz-N9wA6NBtJlvyNUnlSDs9EFx3ybf0cY45amPeMfztLsFpMTp-UZ0gL0lO804KMFfd5nS6=w243-h304-n-k-no-nu,,
Yellow Vase,"31248 Palos Verdes Dr W, Rancho Palos Verdes, CA 90275",Breakfast,Any,"There's several locations, but this one has the best view. I prefer their sweet crepes to the savory options, but that's true for any crepe. It's super fast and tasty, but don't get tricked by the quiches in the window. The crepes are much better, and so is the Croque Madame. Their lattes are pleasant, but nothing to write home about. ",https://www.yellowvase.com,https://lh3.googleusercontent.com/gps-cs-s/AHVAwerkLwWEwHjOCOKI-qo17iHWUhTlC04wjNFq9AHIbYOBpyNYMYYNtf7f4nelSEb-TI2jlw0e5GXoVykSLLSbvHQWtqXQgRdrwDN4dIMeLCgAW7AZeBE8SzcwLoxSCoh2fKPx4TjF=s1360-w1360-h1020,,
Avenue Italy,"31243 Palos Verdes Dr W, Rancho Palos Verdes, CA 90275",Italian,Nice-Casual,"This is a great Italian place with a gorgeous view and fresh ingredients. Pro tip- pull up the menu on your phone and get a Bruschetta for the table for free! The Rigatoni con Luganega is perfect, but the Spaghetti Aglio, Olio, e Peperocino is better somehow. It's the type of dish that you go home and try to recreate for years but with no avail.",https://www.avenueitaly.com,https://lh3.googleusercontent.com/p/AF1QipMFbHA_NuQ2njJNJVUOrG1p1HbPwsXpCbS0TO9q=w289-h312-n-k-no,,
The Crepery Café,"810 Silver Spur Rd, Rolling Hills Estates, CA 90274",Breakfast,Any,"As the name suggests, the crepes from here are pretty good, but surprisingly so are the Chilaquiles. Wednesday mornings around 8-9 there'll be a huge rush of highschool students, but every other time it would be an easy breakfast spot to pop into!",https://thecreperycafe.com,https://lh3.googleusercontent.com/p/AF1QipPmwe1-kAzRFt4Bf4I4rK-gf3exXnscmi_mcJDQ=w243-h174-n-k-no-nu,,
Dragonfly Thai,"50-A Peninsula Center, Rolling Hills Estates, CA 90274",Thai,Any,"A neighborhood place that has some of the best Pad Thai and Pad Kra Pow that I've had outside of a friends' moms' kitchen. It's good portions, relatively inexpensive, but I'd go after the high school lunch rush. It's walking distance, and there gets to be a bit of a rush. ",https://www.dragonflythaibistro.com,https://lh3.googleusercontent.com/p/AF1QipPgV_OVP6lcCGLw8-cujTSpaW4TYt8Fe61SbRS-=w289-h312-n-k-no,,
Pho Hana,"55-B Peninsula Center, Rolling Hills Estates, CA 90274",Vietnamese,Any,"All through middle and high school, this was the place we went to after all the important things. A bowl of pho from here is nostalgic, the bulgogi is enuogh to share, and if you're just running in then the boba is can't miss. ",https://www.noodlephoever.com,https://lh3.googleusercontent.com/gps-proxy/ALd4DhHk-EwBSYIVIDtp6597ad0ET3eyfBWk1BZdb5SSrsdz5fCOVvirM8j81aMZeo5-w-oBZfQMdDdgJkUb5O-Xf6QCq7gJLNfXIxmVkRn0L-KNlI5jaXYDam-u8LfdBWnye0FMgT_Seu391bBqmMGFlWN9Q8hmq1_ylK9N0xiJGZGvUJyrEKPu0KPJT1g=w289-h312-n-k-no,,
Lunada Market and Deli,"2201 Palos Verdes Dr W, Palos Verdes Estates, CA 90274",Breakfast,Any,"The smoothies here might be the best thing on their menu. I mostly came here to see my friends who were working on weekends, but it was the perfect pre-walk drink. The deli here also has great cuts of meat for grilling, and some are marinaded even!",https://lunadamarket.com,https://lh3.googleusercontent.com/gps-cs-s/AHVAwerfmsGwF0x6k-BbYXEhtXWsES0CZPdw6sz__XoTIgGxSbGkYKGWBSNybBCwMOZ5Li7NhGtfQOvSUprgDloZEJ1rKMVs98NqkzlkgPO7oMCQLr-J3NxCiGQIQYYg1bRgz5p2Tq8=w289-h312-n-k-no,,
Seaside Bistro,"1420 W 25th St Unit A, San Pedro, CA 90732",Diner,Any,"This is a perfect little bistro place where basically the whole menu is good. You'll probably run into someone's parents you know, so be on your best behavior. The clientele is almost exclusively locals, and if you go early enough half of them will be longshoremen. Their fries are probably my favorite part- they're crispy, pillowy. and thick enough to hold nicely onto some ranch but not so thick your mouth runs dry. ",https://sidebistro.com,https://lh3.googleusercontent.com/p/AF1QipNWO7U4t8W3FTmpV8-q6YSPSXD2DKDsbWSf7hnm=w289-h312-n-k-no,,
Sorrento's,"2428 S Western Ave, San Pedro, CA 90732",Italian,Casual,"This is the type of place the Little League team comes to for celebratory pizzas after winning their games. It's warm, bursting with life, and the perfect neighborhood Italian spot. Get the Baked Rigatoni or the Chicken Parmasean- and if you eat in they both come with the world's best side salads. ",https://www.yelp.com/biz/sorrentos-restaurant-san-pedro,https://lh3.googleusercontent.com/gps-cs-s/AHVAweqCpNdc69zVPzXOFmDs0Yj4rrvl20xMR-ZTxU8UJnh1zP8gd6uZMzGAW0ovEaPYYC5tZ8KX-4OChAtz-GfrlkP76GDYStG3-XgkHtBY9xK5IeHZK5yF3QURXUjt5zUABJeZO5k=w289-h312-n-k-no,,
Perry's,"2400 Ocean Front Walk, Santa Monica, CA 90405",Beach,Beach,"Perry's has a handful of stands up and down the beaches, and they're all tasty but this one has the best people watching. It's the perfect spot for a burger on the beach while you're still warm from the sun, though it can be a little pricey. This one is more of a restaurant, while most of the other locations are more about walkikng up and grabbing a hot dog. The hot dogs are amazing too, though sadly no Diet Coke.",https://perryscafe.com,https://lh3.googleusercontent.com/gps-cs-s/AHVAweojAtI0X6FkYXwEq6RjHW5ginHEHUCBK4953W6nXAg4Yhn2mE6WucKG1FIYYXuVpn96-sVDori0aflhD-dRVH-Wcsq2BYJpiS-oj3uhRRnTGBJNnF8NdbLKbdVOjRANp8g7Ag8=w289-h312-n-k-no,,
Fox & Farrow,"1332 Hermosa Ave, Hermosa Beach, CA 90254",New American,Nice,"Any place that has a Pretzel Loaf as the first thing on the menu is an automatic win in my book, but it only gets better from there. But, don't get tricked by the first instance, and instead bypass it for focusing on the Sausage Selection, which changes all the time, which still incudes the pretzel loaf but with a fantastic selection of meats.  Without a doubt, the best thing I had was the Duck Pasta, hold te pine nuts. I still think about it- the shape of the pasta, the richness of the herb reduction... Yum.",https://www.foxandfarrow.com,https://lh3.googleusercontent.com/gps-cs-s/AHVAweowHc7CQZaE0AIx_Kj-3Ac3qSzWx2RIpc5ljiWykmeosm_aURRnWxMSqVtR_ogg0XLYX8eM3z3UvPogK3zm9sNRpvkLaeaVSeroKNEDKSV6bQE3miXRsb_a9ePpYNro7j1y_jCl=w243-h174-n-k-no-nu,,
Frida,"21438 Del Amo Cir N, Torrance, CA 90503",Mexican,Nice-Casual,"It's not often that I find enchiladas that are as good as the ones from my roommate's abuela, but these are a close second. The mole is decadent, spicy, and just the right amount of bitter that you need it to be. The vibes are high, the chips are hot, and the margaritas are dangerous. Take an Uber.",https://fridarestaurant.com,https://lh3.googleusercontent.com/p/AF1QipPPWAawEaCIl9sN-R8QLebj18ZQkdQd8WYOmHf2=w289-h312-n-k-no,,
555 East,"555 E Ocean Blvd, Long Beach, CA 90802",Steakhouse,Chic,"Baked goat cheese, shrimp cocktail, I could go on and on. This is a classic steakhouse that guarentees their experience unconditionally. They have good legs to stand on, speaking absoolutely. You step back into 1957 when you walk in, and it's the most pleasant experience. Best shared with friends, their steaks are their pride and joy for a reason. Their daily cuts change (daily... duh) but give them a shot if you're feeling that type of dry-aged vibe.",https://www.555east.com,https://lh3.googleusercontent.com/p/AF1QipOrJ_yxVkrQqqf3hH5o7bW4lMC9xi7X1pTsKeXJ=w289-h312-n-k-no,,
Chart House,"231 Yacht Club Way, Redondo Beach, CA 90277",Steakhouse,Chic,"This is somewhere I wouldn't say to go unless it was a specific occasion. They host wine dinners regularly, and the experience is like no other. It feels top of the line, because it is, and you'll end up with an experience that can't be replicated or duplicated. ",https://www.chart-house.com/store-locator/,https://lh3.googleusercontent.com/gps-cs-s/AHVAweq_ufiY5kKAbQdGsBEpSkl54GQzh2hF84zvZKTYdjdyU7Cp4P36qC2fNwDyyqYh2heSRP-zFWLLqlz79ugFFyhaHZoHpnlt_KTEHZ8iZj07y2QdsZ-StrhMhnIGXt2KQzETDSeWSBxv79m0=s1360-w1360-h1020,,
Hudson House,"4600 Dexter Ave, Fort Worth, TX 76107",New American,Nice-Casual,"This place is somewhere I would be sure to grab a reservation at! It's always busy, and for good reason. It reminds me of Houston's where they serve incredibly good sushi but also great burgers. Their Lemon Drop martini is to die for (I think it's the limoncello foam) and they have Disaronno for an after-dinner cocktail. Great weeknight spot!",https://www.hudsonhouse.com/location/forth-worth-tx/,https://lh3.googleusercontent.com/gps-cs-s/AHVAwep4BzLSn_Q3kQu2qBBb6KnW6zeIPNPkmJcBOsEKu3-lR7LaT_-JZwLqs-IhS7Ol7qnneHeuHqHooT3_7or8PtCdU-ZT4KODvSZquUXxsN7Bh5g0bKHUE6DxBscLAUUGb-SV-XVk7X80NRdm=w243-h174-n-k-no-nu,,
Maria's,"1712 S University Dr, Fort Worth, TX 76107",Mexican,Nice-Casual,"It's hard not to rave about their margaritas and their empanadas, so that's what I'll do. The atmosphere is lively, the staff is personable, and the chips and salsa are incredible. A note about the parking- there is a lot on site, but there are not a lot of spots, so I would reccomend carpooling or taking and Uber.",https://www.mariasmexicankitchen.com/fort-worth/,https://lh3.googleusercontent.com/gps-cs-s/AHVAweoZ87RPkmQm-pb8FRfghZdGTazmxAt1bgQinMHXnfbn4cSeDSho7YuirTkutOBB37W46OTXaKsbIw2rPQxve0wKYjOVcRlE4xe2xO2k67ZYCLj87Ub4lnaqjGmCy7jbxC2E8NxC=s1360-w1360-h1020,,
Birdie's Social Club,"2735 W 5th St, Fort Worth, TX 76107",Bar,Jeans and a going out top,"Birdie's is the perfect place to sit on a warm summer afternoon. Staff is so kind and friendly, and if you get hungry before 9pm you can order Blue Mesa Mexican to your table. It's like magiv. They have two event venues, and local music is a frequent flier. During the holidays it's decked to the nines and they have a curated cocktail menu a mile long. ",https://www.birdiessocialclub.com,https://lh3.googleusercontent.com/gps-cs-s/AHVAwepBgpWMROPSjlCQ6oIvLWY5IdLcocDF-WZVSEf2F1Jp1wcRP4stiMD5pEYR0UZNP5hcnQjirxIWwJxzTj7WrYSSJv3cXtLe6amTa4Bj7cunM4DdXtWaUuifZ1RbKfr3Mj3ZNWeP=w289-h312-n-k-no,,
Terry Black's BBQ,"2926 W 7th St, Fort Worth, TX 76107",Southern,Casual,"Incredible, yet expensive. Would recommend going in a group large enough that you can get one of the bigger platters, because you can always take leftovers home. Their jalapeno and cheddar sausage is life-changing, and surprisingly their fresh green beans are a crowd-pleaser. Can't reccomend the corn enough either. ",https://terryblacksbbq.com/ft-worth,https://lh3.googleusercontent.com/gps-cs-s/AHVAwer47tM3xJFYO84qXWKdW_zUQdy9yQyZADKASoasO3Rl7etMj5a1wV4rW5rFRZqEQYs_sEy8sAqpbeRnU4gx-5eDF_YQQgAZY-4dYCFiUi8bhSYrUlnsRqqnXUSPMVPhVls7ZVZkXzUHJQOY=w243-h203-n-k-no-nu,,
Wabi House,"1229 8th Ave #227, Fort Worth, TX 76104",Ramen,Casual,"Warm, comforting, yet elevated. This is a geat take on ramen and the accompanying various acoutrements that follow. The gyoza are a great appetizer, and each dish is almost fully customizeable. If you're not going for lunch, then be sure to make a reservation or be prepared to wait in line. There's usually an electronic waitlist that's pretty accurate!",https://www.wabihousetx.com/fort-worth/,https://lh3.googleusercontent.com/gps-cs-s/AHVAwerhLXmcX30D7Zx3M7X9LF6IoWh-jHiLNA1FnOltpRjzw0luXn9NHdqMlgiQY5bbxeHDIAREerBP3ndj6Nd0wJq2E0wjJlqj76Ov-GcpDJecasflIbG5DYQqk3vDt_wv168MzFpbvIzqqDOC=w243-h244-n-k-no-nu,,
Maggie's R&R,"1264 W Magnolia Ave, Fort Worth, TX 76104",New American,Casual,"Happy hour central with a side of live music and great vibes. I love this patio as soon as the weather turns warm, and so does the rest of Fort Worth. You can usually grab a table (as long as your party isn't too big) and I would definitely recommend the Dirty Shirleys. They do it with half ginger beer and half Sprite, so there's a refreshing extra bite to every sip/",https://maggiesrr.com,https://lh3.googleusercontent.com/gps-cs-s/AHVAweq5KXm-T6yR8aleRjTfMx_GbaQliCnCcso3D_qBGagfcY7Eq76W3sGKVeXhe6psaAbkAUkgvG3DPBqXJF6FRvsYj8UbKcL6Sb9lQueay5Gi0PAO0Jc4X2kJhFDrG1V6XvkQpDpe=w289-h312-n-k-no,,
Maison Sauvage,"5 Rue de Buci, 75006 Paris, France",Bar,Jeans and a going out top,"This bar and café (but mostly bar) was around the corner from our hotel, and I think we went every night for a pre-dinner cocktail. It is France, so be aware of slow service, but it's adorable",https://www.maison-sauvage.fr,https://lh3.googleusercontent.com/gps-cs-s/AHVAweqMwOYbDOR17G7-xCaLMwl87uORR7dl31tfEkVEAhQY_VLP4_f5fmTRLMgtIotdjjQa1Pu0RfY9OjNXG7lwcNPwWn_5MwvpyJBfKtKmAAmQB90WJhwvj8zCmkD-8MBA66PxHVO2IP03aj2I=w243-h174-n-k-no-nu,,
Jules Verne,"Avenue Gustave Eiffel 2ème, Eiffel Tower, Av. Anatole France, 75007 Paris, France",Upscale French,Fancy but not black tie,"Eating here was the first time I had ever been to a Michelin Star restaurant. And my goodness, was it worth it. If not for the fact that the butter pats were monogrammed but also that the entire staff was attentive, professional, and very apt. Of course, you're paying for the service, but it is something that you know in advance. Upscale French dining, be aware of your limitations when it comes to that. Fois gras foam is not for the faint of heart.",https://www.restaurants-toureiffel.com/en/jules-verne-restaurant.html,https://lh3.googleusercontent.com/p/AF1QipOZK_0hFCb82m77Vl_bKdDsiEmN83aPfyvRVncM=w243-h174-n-k-no-nu,,
Chez Bartolo,"7 Rue des Canettes, 75006 Paris, France",Italian,Nice,"Yes, I'm reccomending an italian place that's in France. First of all, they have not just one but two barrolos on the menu last time I was there, and their pastas and pizzas are incredible. It's the perfect place for family style dining, and just… fun. Perfect for breaking up the monotony that French food sometimes has. Second of all, it's consistent. We'e been twice in two years and had the exact same fabulous experience both times. ",https://bartolorestaurant.fr/en/home,https://lh3.googleusercontent.com/p/AF1QipM9l9q0TP1HIKPNJ1o4y48e68266q5BdxLgk6w5=w243-h174-n-k-no-nu,,
Flower Child,"1616 S University Dr #301, Fort Worth, TX 76107",Casual,Any,"Perfect for lunch on a weekday, and has a handy-dandy order-ahead feature. The mac-and-cheese is famous for a reason, but not enough love is given to the cauliflower risotto. I've never had a bad thing on the menu, though I can't say that I've tried it all.",https://www.iamaflowerchild.com/locations/fort-worth-tx/,https://lh3.googleusercontent.com/p/AF1QipOpNyYaEhXOAgtI6jRTMzDtu0zsSjbmZDDIxxcB=w243-h174-n-k-no-nu,,
HG Supply Co,"1621 River Run #176, Fort Worth, TX 76107",New American,Any,"Fabulous for a happy hour- their apps and cocktails are great! The patio is right on the Trinity River, so there is a lovely breeze on a spring afternoon. ",https://www.hgsplyco.com/fortworth,https://lh3.googleusercontent.com/gps-cs-s/AHVAweqy_sHgFOOX9TPuo9HmCTqnVh3rY8urCrZ4w3GILy0kNtkTCDXjXYu8u31vXFgtdAspwpDtgf5CxFTRgGYtw3RwPGfgX2aeckXvadyaQJyGCHFVTuheUewFqu0b8hPfsMqO0DkC=w289-h312-n-k-no,,
Quince,"1701 River Run suite 181, Fort Worth, TX 76107",Mexican,Nice-Casual,"I've been to a few birthday dinners here that were very well-executed, so a huge plus that they accommodate large parties well. The atmosphere is always lively, and it's a very nice touch that they have the Veuve Cliquot arrows for Fort Worth (it makes me unreasonably happy I can't explain it) and it on the menu. Though, I wouldn't necessarily order it instead of ordering a margarita, but to each their own. ",https://www.quincesma.com/fw/,https://lh3.googleusercontent.com/gps-cs-s/AHVAweoeke6pGrkFVdk4giTWLflT4OfxIaumkjKVqa6MGLPN8CEABN5bGVY4_OPLOQa1htNVN5PA31fhXqrSDJinD6mo6MmMoGCLHuQR_IsRwlQzat1Edd_VUp2my2gjHHUmfpeKvCuIPLXWYUjF=w289-h312-n-k-no,,
Asencion,"1751 River Run Suite #151, Fort Worth, TX 76107",Brunch,Any,"LOVE this place for weekend brunch- make a reservation online the day before for no waiting! I've never had a bad meal here, but the service does remind me a bit of a Parisian café, where you have to flag down the staff to get anything. Not sure if that's on purpose or accident, but do keep it in mind. It's a slower pace, but great vibes. You can go after a workout, before shopping in Clearfork. or anything in-between.",https://ascension.coffee/?srsltid=AfmBOooNMSPc4l0TDNUneb4mQaq3mFafY9ZNHkbBoirq26jVOrFtBC3I,https://lh5.googleusercontent.com/proxy/O0rWvp8PIOwoSEvo0eIBj9ZR85YK2AvfFASx8Bz9y50cr8EJYaZCtAKonDsswImwr2gh2zHWaBXr90cN6XobxcljQIix81_fPlHs0pAtXJeDEf2tYw0iVTNqvIRQV2abzpnznbjCLwI2ZhZYarjKCDcUMWB2UA=w160-h106-k-no,,
Luke,"333 St Charles Ave, New Orleans, LA 70130",Brunch,Nice-Casual,"Luke is on my dad's top-ten restaurants of all time list. I can see why. Their brunch is quintessentially New Orleans cuisine, and the atmosphere is amplified by the Marine sabers and medals on the walls. The wide windows let the sunshine in, and it's a place where you can't help but have a good time. If you're lucky, you'll go during their prix fix menu, and truly experience some of the best of the best that NOLA has to offer. ",https://www.lukeneworleans.com,https://lh3.googleusercontent.com/gps-cs-s/AHVAweqawRvpW_wToy-F9bq_5u6ba0WXHpQnrVAWdE8XQ3yu2DWZCq-Y2_5gDnXM8v3GQyNGgmUcbgIoS7AIC98fTNvy9CEOBaVAIjiEsTfnRzspkmvW1VVAEL1HIFKVfQD-fq4Dxj5x=w243-h244-n-k-no-nu,,
Chuys,"2401 W 7th St Suite 110, Fort Worth, TX 76107",Mexican,Any,"Yes, it's a Mexican chain, and no I have never had a bad meal here. Their creamy jalapeno is famous for a reason, and it's somewhere where you can't go wrong. If you go during peak dinner hours, be prepared to wait without a reservation, but honestly their lunch menu is pretty similar and just as delicious. They do seasonal beverages which are always incredible, and the frozen margaritas are perfect. ",https://www.chuysftw.com,https://lh3.googleusercontent.com/gps-cs-s/AHVAwertq5gUDnwq0mkwFspjPDUSixipyuRDcY1MhImKci9Kv0WDjcopA8VO_IQm_kybk2le44tqsmpohexlYEsBgq0sFsnF5i0qDfRgA0mW2L85wHsjQ9nElHq-uQfU_LhivyLgwRPeCEv1zQxS=s1360-w1360-h1020,,
Kincaids,"4901 Camp Bowie Blvd, Fort Worth, TX 76107",Burgers,Any,"Kincaids is a Fort Worth institution. It's been around since it was a grocery store that happened to start selling burgers out of the back meat counter, and their first location still carries the nostalgia that would be found there. The burgers are fantastic, and I highly reccomend the ranch with the fries. ",https://www.kincaidshamburgers.com,https://lh3.googleusercontent.com/gps-cs-s/AHVAweo7G8IcYJp9B1aYGSHS3IHK7h1aqd7l90l4U5XG-ONikaZfRfNpuswVUrVeiFaxiPmAPd5mb9B9CDUe8zJcazc2AEa258c9UPHgel-7HNyZjfgIR2Hu_6dwxOC8RW5WOP2-Ofi_CnKCBrE=w289-h312-n-k-no,,
Coco Shrimp,"318 Bryan Ave, Fort Worth, TX 76104",Seafood,Any,"Tucked into a corner of an industrial neighborhood, Coco Shrimp is serving up exactly what it sounds like: coconut shrimp. Of course, you can get grilled as well, but the coconut is so much more fun. There are six different choices for various preperations and additional sauces, and I haven't tried a bad one yet. A great atmosphere, and delicious. ",https://www.cocoshrimp.com/bryanave,https://lh3.googleusercontent.com/gps-cs-s/AHVAweqB7Ac0EMFxYHFGSLht6VL_HHVk7QySXaAoQ8zLL_HAaBG2dYoCRXP0kIp0xN0U9Zhl1YzE2Ao9Z9SBeQ36h7N2PkLR0NnSC7z8g0GyyXuJzpzc0U_AlfpVNS7gvhCf0cFh0P40=w243-h304-n-k-no-nu,,
Eatzis,"1540 S University Dr #100, Fort Worth, TX 76107",Italian Deli,Any,"While I've really only been to the sandwich line inside of this Italian supermarket, I have several friends who can vouch for the fantastic hot dishes that they also serve. All the bread is incredibly fresh, the meat is freshly sliced, and the large sandwich is as big as your head. A fantastic spot for lunch, and if you are lucky enough to grab a seat outside, you can enjoy Italian opera alongside the fantastic sandwich. Their iced tea is also phenomenal. ",https://eatzis.com/fort-worth/,https://lh3.googleusercontent.com/gps-cs-s/AHVAwepqfsvAkOOqkV7WrnTa7MlzkmMOtoXK1h-kKKbxZeTu3fH8X6e81v29Ygs6-PqK-b2v4m1To0uYckpxgMdenKaP95w-J7vYPLD_4Tn59olJ1M2PzjaxI8sKr0aCY82fTSDf69k=w289-h156-n-k-no,,
Milk Bar,"3708 Las Vegas Blvd S, Las Vegas, NV 89109",Dessert,Any,"Nestled in between Momofuku and a long winding hallway, this stand has not only fabulous lattes for the morning, but also some of the most interesting soft serve that I've ever had. It's cereal milk flavored, and comes with cornflakes around the side, and I've never encountered that unique of a combination, especially considering how accurate it is in description. ",https://milkbarstore.com/?srsltid=AfmBOooklVAD86EArBq0v5W2u0SScuOS02b3ks_Sat2Iz1F6Qcgso2Ys,https://lh3.googleusercontent.com/gps-cs-s/AHVAweqSP5SpuaUZN2ILOlPcU_V6ycgmqxFprLXosv0_5afFMd8XtnRglHLKlWBvqR7dIsyJLQFwHpmgiSVZotyXhSuYEmHJVnoC1mzhoFrQmvf9GFEs2jXZCvXuJQUluA0cNSN9yA6Oxh2dGGE=w141-h141-n-k-no-nu,,
é by José Andres,"Boulevard Tower, 3708 Las Vegas Blvd S Level 3, Las Vegas, NV 89109",Upscale Spanish,Fancy but not black tie,"6 seats, 4 chefs, and an unforgettable night. The menu changes extensively from night to night, and the chefs curate a menu that can last between 15 and 20 courses. Most memorably were the cotton candy empanadas with corn nuts, the freeze-dried Wonderbread and fois gras sandwich, and the charred octopus with rosemary air. This is a once-in-a-lifetime dining experience that takes into account dietary preferences, restrictions, and allergies to the highest degree. ",https://www.ebyjoseandres.com,https://lh3.googleusercontent.com/p/AF1QipNKuh2BW2EIxCQQ65axQika_l79J1QfZqajOViV=w243-h203-n-k-no-nu,,
Velvet Taco,"2700 W 7th St, Fort Worth, TX 76107",Mexican,Any,"Not only are their margaritas kick-ass, but so are their tacos and elote. It's open late, has a great rewards program, and convienently located in a few areas across the Metroplex. ",https://www.velvettaco.com/location/fort-worth/,https://lh3.googleusercontent.com/gps-cs-s/AHVAweoY7KekP58pWd77vfgY1ECg4uhqduF74qY5vzZ-jf2upbo61uJn5-_JD4VHbdNEQpO98bSjqITYkoVZ8Znj7AzryWS9islBh6vDgI4DphTCFPZ1EMuEi13V3wKLw7jNvDBzAPTI=w243-h203-n-k-no-nu,,
Secret Pizza,"Boulevard Tower, 3708 Las Vegas Blvd S Level 3, Las Vegas, NV 89109",Pizza,Any,"This place has no name. It's known only as ""secret pizza"" because it's hidden down a long and winding hallway where they're cranking out fresh pies left, right, and center. I can't even say there's something to order in particular here, because they make whatever pizzas they want at the time, though the white pizza was a repeat order for me. ",,https://lh3.googleusercontent.com/gps-cs-s/AHVAweoSb2uZ_gEtwJEkfFUF7wqacJQlU3X1XaK02z3fHb8rf-6oxtBvXwpac731Om_QgQ6qQhWrWeWJY6mI4Hf0tfWJ_aa2AnYBxgPo-XsmS6Pu-uZ7rJfPdkZJF3GmUdWrcHB3aLc=w289-h312-n-k-no,,
Prime,"Bellagio Hotel & Casino, 3600 S Las Vegas Blvd, Las Vegas, NV 89109",Steakhouse,Chic,"I'm incredibly biased about my experiences at this restaurant. This is one of Jean George's places across Las Vegas, and the one that has been renovated the most recently. Soft blue velvet drapes, staff in tuxedoes, and gorgeous steaks on the menu, with regular bottles of my favorite (and very hard to find) bottle of champagne make this experience one to remember. I don't know if it's still on the menu, but I do dream about their lemon merangue pie a considerable amount. ",https://www.jean-georges.com/restaurants/united-states/las-vegas/prime-steakhouse,https://lh3.googleusercontent.com/gps-cs-s/AHVAwepcykLflYRDaDzBUVMI4qvDUPHXPx0zUCm8Os_HwS3ey582pcOXJDl7SYbPuJmW09q5JK-PJOohXvGSHQUfwVC6XUGiGnyQrPxCQfATubuIDRreqLH_mggGoIa7e1-Agdi9_jwjz1lpfl6O=w243-h203-n-k-no-nu,,
Jasmine,"Bellagio Hotel & Casino, 3600 S Las Vegas Blvd, Las Vegas, NV 89109",Chinese,Chic,"If you're looking for authentic, upscale, traditional Chinese cuisine, this is the place to go. The dining is family style, and I recommend going in a larger group in order to accommodate the fact that you'll want to order everything on the menu. With a view of the Bellagio fountains and a laid-back attitude, this is a fantastic dinner before a show in Las Vegas. ",https://bellagio.mgmresorts.com/en/restaurants/jasmine.html,https://lh3.googleusercontent.com/gps-cs-s/AHVAweoVKGDg7d0OTHjgRye5ZUKUvncAJEfNTXTgqVcYg1t1p-3IYdfA_pCX6cgkxTWf9FGGrMoPNVH5WY81ZCOqZ52Q1FDOOV9q_OfrD_ty7IxqfPmbPmotMJ-k4wgWFtzP_wsJRS7jCk0uyK8=w243-h174-n-k-no-nu,,
STK,"Boulevard Tower, 3708 Las Vegas Blvd S Level 2, Las Vegas, NV 89109",Steakhouse,Chic,"Here, the dinner is the show. Past 10pm, there's usually a DJ in the corner spinning tracks, and it's a great place to go before heading to the Library next door at Marquee Nightclub. Don't skip the churros at the end- it was one of my favorite bites I've ever had. ",https://stksteakhouse.com/en-us/location/las-vegas/,https://lh3.googleusercontent.com/p/AF1QipOd4lWPJmIRRy330hjsO0m4WC8mDeWzYvsGOMo=w243-h174-n-k-no-nu,,
China Poblano,"Boulevard Tower, 3708 Las Vegas Blvd S Level 2, Las Vegas, NV 89109",Chinese and Mexican,Nice,"An interesting fusion of Mexican and Chinese cuisine, this restaurant focuses on the relationship that came out from the surprising mix of the cultures. Have some dumplings and 20 vegatable fried-rice (try to count them all!) alongside chips and a taco with some of the best Mezcal I've ever had. ",https://www.chinapoblano.com,https://lh3.googleusercontent.com/gps-cs-s/AHVAwequZ9bH6nryilU9haOnFMLhJiKymZQUO5Y5Bm6zpH7n2VCVJLOQmdz_Igeqd3AAJALCNJv9qycYoeth7vhxByE7VHYqSNzxMFB9_DCLOlnxY9Ms2uKjoUK-inQp5Ty00orQF_Y=w289-h312-n-k-no,,
Joe's Stone Crab,"3500 Las Vegas Blvd S, Las Vegas, NV 89109",Seafood,Nice,"Go for the seafood or steaks, and stay for the peppermint ice cream. Seriously. One of the best Cosmopolitans in Las Vegas, and the overall experience is old school at its finest. It's worth mentioning how incredible their crab cakes are, too.",https://www.joes.net,https://lh3.googleusercontent.com/gps-cs-s/AHVAweokLFc6exqlN0kkznMosUw8sHzMk7VI1VVlMQmChsBpTbJ3qh3HRq__l4cgR-cnBoCn1E_iBnyw1pw1wjxrxA5zH2WvkNbVMXXfoUi4JhhVvcSnJwAFyffN8ZOmx6ZWgdwtVK1Cc-teTR4=w243-h174-n-k-no-nu,,
Delmonico's,"3355 S Las Vegas Blvd, Las Vegas, NV 89109",Steakhouse,Fancy but not black tie,"Emril Lagasse has done it again. This would be one of the restaurants I am positive he is proud to have his name on the front of. The steaks here are of course phenomenal, but so is the staff and the atmosphere. It's the type of place where you know for sure that everyone loves working there and has a passion for the cuisine. The drinks are strong, the vibe lively, and the bacon appetizer is a fan favorite.",https://delmonicosteakhouse.com,https://lh3.googleusercontent.com/gps-cs-s/AHVAweo5vW4dHlZk6B9BT4CwQsPgF92W1uYZ7E8ebi4WRP0Cv2iscR80u-lAfGS-cJ9jQnfjUZTRM-UVIQI_3HmgMK2rKhcKWTdOvdxX-PreapabtAN6mOz6zZ1g9ad6h62OC_fZYlq1xjWa7Ye-=w243-h203-n-k-no-nu,,
Eggslut,"Boulevard Tower, 3708 Las Vegas Blvd S Level 2, Las Vegas, NV 89109",Breakfast,Any,"It's totally worth it to stand in this line. Or, send your unlucky signifigant other to do it for you. The sandwiches are perfect, though it is worth noting that all the scrambled eggs are wet, if that's something that you care about. The hashbrowns are crispy on the outside and fluffy on the inside, and the fresh-squeezed orange juice is to die for. But, there's always a line.",https://www.eggslut.com,https://lh3.googleusercontent.com/p/AF1QipN2dlyThb4WJQwKyGg9li2SrIKNLjzJ8R4XGNZf=w243-h174-n-k-no-nu,,
Reata,"530 Throckmorton St, Fort Worth, TX 76102",Southern,Nice,"This is one of the only places you'll find upscale wild game on the menu, though that is more common in Texas in general. There's a great location in Downtown Fort Worth, and some of the most well-produced Southern-flare fine dining I've ever had. Don't be put off by the things you've never considered eating before, and try something different.",https://reata.net,https://lh3.googleusercontent.com/gps-cs-s/AHVAwerPyPbTfieZnZZD_1rhVtowKsFdR2Xa4Hlv4gn0hLnzv3CYgKZGnK5yRu7h8Dc8mzwnP6ESgwwNKWSnxrV7-W5SRxLPjG6-hLarWxKsiWqWXAytmEvPYGLtm_JhDE8LgtIPa6kWWA=w289-h312-n-k-no,,
Wicked Butcher,"512 Main St, Fort Worth, TX 76102",Steakhouse,Chic,"Don't be startled by the bone marrow on the menu, or the iPad which holds a very extensive wine list. Wicked Butcher is a modern take on a traditional steakhouse that feels sleek and sophisticated, because it is. A bottle of O'Shaughnessy pairs well with every steak on the menu, and there's no chance you'll leave hungry.",https://www.wickedbutcher.com,https://lh3.googleusercontent.com/gps-cs-s/AHVAwermDH7ivOBH-un-L2WtJoX-mJWEmJhBVwfBheANo49yvjUt7B59R-p3bMDufdIFQz_cEBlOuQqzoKfmdXXTt3OxpruvKreQEESKmPp6xpoiKl8LdLTfe-1w2vqFlqezO4IFVFgjHg=w289-h312-n-k-no,,
Piola,"3700 Mattison Ave, Fort Worth, TX 76107",Italian,Nice-Casual,"In a renovated old house on the corner of a neighborhood sits this family institution. There's not a bad thing on the menu, and I'd heartily recommend going with a group to try more things. The Grandma's Lasagna is the stuff of legend- you're practically possessed by a Nonna when you eat it. ",https://fwpiola.com,https://lh3.googleusercontent.com/p/AF1QipOv3ZEk1KH9UaCH00g_jaMis0nNMpKN3xC97UqJ=w243-h244-n-k-no-nu,,
Murray's,"One Casino Drive, Suite 28, Paradise Island, Bahamas",Breakfast,Any,Murray's is some of the best breakfast on the island. The best part by far is the potato side to the omlettes and other eg dishes- something about the seasoning and the different veggies that are included in the sautee process are incredible. The environment is relaxed and perfect for easing into your vacation. ,https://www.atlantisbahamas.com/dining/casual-dining/murrays-deli,https://lh3.googleusercontent.com/p/AF1QipOMAAZrea-kzJ4SJapRyah8clXJ23EdQmoB3C1s=w243-h174-n-k-no-nu,,
Beatnik,"180 N Wacker Dr, Chicago, IL 60606",Mexican,Jeans and a going out top,"I went here with a dear friend of mine in the summer, and it is the perfect place to grab lunch on the riverfront, but it's even better for dinner. The atmosphere is lively, the dinner filling, and the drinks free-flowing. Part of the experience was the free shots from our waiter, but that's always a perk and not an expectation. The view is great and it's in the heart of downtown Chicago. ",https://beatnikontheriver.com,https://lh3.googleusercontent.com/gps-cs-s/AHVAweo3x5YFzGXj3klBFMRIt7C255ZSuchLO-353L8gcARTEqDWZkW5ul256e4SeP50VJzRlPBugsTs1ZTEoSNHbPo1IkW2tOEolRd9X_z3u-9VyeIaY-TOGvGxkkVbJ5GuyRXe2UCesUxenCdv=w243-h244-n-k-no-nu,,
Birdland Jazz Club,"315 W 44th St, New York, NY 10036",Bar,Jeans and a going out top,"Birdland is to jazz as Billy Bob's is to country music. It's one of those legendary venues that can kick-start a career lightning fast, and the cocktails are exceptional. You never know what you're going to get, but definitely get a t-shirt.",https://www.birdlandjazz.com,https://lh3.googleusercontent.com/gps-cs-s/AHVAwerCbfgJ9v8z0TSVHhr9htj1g6intWovxp8hHBF7vgOabglHSDsW8UGlV0mFnMjnxJy7gHZVIxlhWNq4Y53zm2gF1ZkhqNjYBfG2NYluwE2XYCbLMSOehoS04DLCvN0CRPV4IK9P3rNfptjh=w270-h312-n-k-no,,
Amalfi,"3570 Las Vegas Blvd S, Las Vegas, NV 89109",Italian,Chic,"I'm a D-1 Bobby Flay hater, so the fact that one of his restaurants is on this list is a feat. I deeply dislike him as a person, but I can grudgingly admit that he has put together a great menu and atmosphere in this Italian and Mediterrenean restaurant. The crispy artichokes are incredible and a perfectly light starter to an otherwise hearty meal. The eggplant is pleasantly tender, yet not soggy",https://www.caesars.com/caesars-palace/restaurants/amalfi-by-bobby-flay/,https://lh3.googleusercontent.com/gps-cs-s/AHVAwer59ed_Z1PoInHaOx40HAhVj8dgm8Q1QqFNgYGG_tE3M0p9-nom9i6xL7H7qksZASw0TMMbeHJfEIzGyLoWUmXskjdjRoTK4KxsYKM2uU_7ekqwet38wyTObehrAvmJGzyD1O6-dg=s1360-w1360-h1020,,
Café Cliquot,"1 Rue Albert Thomas, 51100 Reims, France",Burgers,Chic,"This is the perfect end to the tour of the Cliquot caves. I'd recommend spending a lot of quality time in the gift shop so the wait dies down a litte bit after the tour ends, and the burger is unexpectedly fabulous. When I was there, they had recently launched the Rich champagne, meant to be served over ice, so the couple of glasses of that helped. I wouldn't try to order any other kinds of wine however... you're at Veuve Cliquot, so drink it.",https://www.veuveclicquot.com/en-us/cafeclicquot.html,https://lh3.googleusercontent.com/gps-cs-s/AHVAweoDx0poYq0LLiBkBk1tnai7N2qkiQ6CpKfN0lD6w7WFoST-5ca8LWQSVEP-6n0jQyGiB_Qy3C6aJzThv71Oagi2R6P0M4HiO6YwwbU0dz1jZOdvBEJPJZiIvVbYCKUfzruxP7T7MCB7S0O7=w243-h174-n-k-no-nu,,
Café Jade,"10 Rue de Buci, 75006 Paris, France",Breakfast,Nice,"The breakfast here is perfect for the pre-shopping that's only ten minutes away at Le Bon Marche. Its reasonably priced, the tea and OJ are divine, and the croissants are warm. Can't go wrong here.",https://cafejadeparis.fr/en/accueil-english/,https://lh3.googleusercontent.com/gps-cs-s/AHVAweowRh123ESChzJO9NLlrBAaJt3ZAzOA4IDW-9h6H5fLRkO2fJ4g4Q63fMcJPFgf6EYF7R1JgM2TPwuReUhjAjwz0gTeVOSKM246fkEOimxjF7aAe8tOpJYHhYlc5NyiVG12ktCvkVlCr7a_=w243-h174-n-k-no-nu,,
L'ouzeri Paris Odéon,"17 Rue Grégoire de Tours, 75006 Paris, France",Greek,Any,"Y'all seen My Big Fat Greek Wedding? Dining in this restaurant feels exactly like being at one of those family reunions. The staff seems all somehow related, and the food is delivered with a unique family kindness that is hard to find elsewhere. It's comforting, especially in a country that was not our own. The food itself is pretty average, but the experience elevated it signifigantly.",https://www.etsi-paris.fr/louzeri,https://lh3.googleusercontent.com/gps-cs-s/AHVAweoALFeraevgdMb8EWIKXnvbwBc93ZXOOIt5aSJQlI1mScKVKZ_RMPAkTuIZTlEgB6feD_rUnS5Gc6HyVgCjc320YzTOReOS018JX50Bhws788Uq4ELoEan06A5zJOoycm0ncOR2wSeXIeBg=w243-h304-n-k-no-nu,,
The Henry,"Boulevard Tower, 3708 Las Vegas Blvd S Level 1, Las Vegas, NV 89109",Brunch,Casual,"Three words: tater tot nachos. Oh, and there's slow roasted short rib on top of them too. If you're there for breakfast, it's the same short rib that's on their eggs benedict and you're missing out if you don't get at least one of them. It's right across from a barbershop speakeasy in the Cosmopolitan, and they have some of the best breakfast cocktails this side of Vegas. A hangover can very easily be cured here.",https://cosmopolitanlasvegas.mgmresorts.com/en/restaurants/the-henry.html,https://lh3.googleusercontent.com/gps-cs-s/AHVAweqFng2HKDkCCpEG4eAN7exlUtJu9ZctCPVT3ts_Jr6L5Ccrw0RBKPCYzL_lmFGS1eFvabKeayoN3m62Gc8tj15fSMlyr7K3lRmEkdbuIFkN_rsh6tOubaCxW8MWlZj2cOi1aaqY=w289-h312-n-k-no,,
Beauty & Essex,"The Cosmopolitan of Las Vegas, 3708 Las Vegas Blvd S, Las Vegas, NV 89109",Steakhouse,Nice,"There are several locations across the country, all with a similar vibe. It's a pawn shop in the front, where you can actually buy the things in the display case, but you give the person behind the counter a nod and a door with a huge guitar swings open to reveal the restaurant. Vegas has a lot of great themed restaurants, and this is one of them that dedicates themselves to the full enchilada. Speaking of enchiladas, the empanadas are absolutely fantastic- we never order any less than twice. The experience is tapas-style, so be prepared to order half the menu.",https://taogroup.com/venues/beauty-essex-las-vegas/,https://lh3.googleusercontent.com/gps-cs-s/AHVAweo_RWvQc0RbZq46lAgvWHK7l5_J4ntjSl4zdreMbGoGqpRPlEjdAB-y0ScfmCb6DeP0NbTduOe_9KGcJAlxmvvwcZAlVqbc268boIs3iSW81czBIE3WshGnrsMCf4K3JYm3WG5KxQUZg1hE=w243-h244-n-k-no-nu,,
Vesper,"The Chelsea Tower, 3708 Las Vegas Blvd S Level 1, Las Vegas, NV 89109",Bar,Jeans and a going out top,"This is the perfect bar to stop at before getting in line for a table at the club. There's great theming, unique cocktails, and it's less packed than the traditional Chandelier Bar that's a few steps away. It's perfect for people watching, as it's basically at the entrance, and the couches are quite comfortable. ",https://cosmopolitanlasvegas.mgmresorts.com/en/nightlife/vesper.html,https://lh3.googleusercontent.com/gps-cs-s/AHVAwepfXDIj-QQi-DkVXMsa210UEA6LY9blJrhcTWwfTurSP2d4lhxw46X7qsqW9hCGR5I2Ep3RG2-YCTfuhmklz1QrH1Eq8civTEJkvhZRcni6rawdHL6vpOPZISDS1ALA5J4cZvHk=s1360-w1360-h1020,,
Javier's,"ARIA Resort & Casino, 3730 S Las Vegas Blvd, Las Vegas, NV 89109",Mexican,Chic,"Another chain, I know, but Javier's is a staple for a reason. It's fun, it's high energy, and the Vegas location has the unique charm of being convienently located by several designer stores that are calling your name after a few margaritas. Thin chips, loud music, and good times are had here in excess.",https://aria.mgmresorts.com/en/restaurants/javiers.html,https://lh3.googleusercontent.com/gps-cs-s/AHVAwerGhp4ceRgfK3J16xU0hpxe3MKuw911T1pT9OTp_OI5W_LB79R2G1ZPQHH6pheZ0idksSBGZ_LWY0iuO1thcbnLnEAWLmzRguSj577VyRlP7ehMTpkjkW3IkFjiuDOzz6FGVrGEKaOLEjEy=w289-h312-n-k-no,,
Sea Glass,"Paradise Beach Drive, Suite 34, Paradise Island, Bahamas",Bar,Resort Casual,"Conviently located right as you're stumbling back to the hotel room, this bar feeatures a few slot machines and great music to wind down with a nightcap. There are a few lounge bites if you stop off on your way to dinner or another excursion, but keep in mind it's restricted to Cove guests until 7pm.",https://www.atlantisbahamas.com/dining/sea-glass-lounge,https://lh3.googleusercontent.com/p/AF1QipOjg_3l6Vbb8E_Wrx_z9XZmUFra_cCGoTJLVLj4=w243-h174-n-k-no-nu,,
Fish,"Paradise Beach Dr. Suite 15 Paradise Island N.P, Bahamas",Seafood,Resort Nice,"Jose Andres has done it again. Can you tell he's one of my favorite chefs? I love the Spanish flair that is brought to the fresh seafood at this restaurant, and it's the type of place where you can tell it's fresh. They have a great wine list with a few of my favorite bottles, and the thinnest glasses that my intrusive thoughts want me to take a bite out of. The perfect place to go after spending all day at the beach where you're slightly warm from the sun still.",https://www.fishbyjoseandres.com,https://lh3.googleusercontent.com/p/AF1QipOViMFod0kU6uRTY91TKAyyRyxQi6UOHvy-GOL5=w243-h174-n-k-no-nu,,
Graycliffe,"W Hill St, Nassau, Bahamas",Seafood,Resort Nice,"I know, we're venturing into town for this one. But it's a staple for a reason! One of the original fine dining restaurants, even pre-independence, Graycliffe is one of those places you need to visit once in your life. You don't need to stay there, but you do need to watch the sunset from the top of the hill with a crispy glass of Bahamian rum on the rocks with the slight breeze flowing through the trees. ",https://www.graycliff.com/dining/,https://lh3.googleusercontent.com/p/AF1QipOSiqcGAnNdRyXhwQhwX06mS9cYRZiAtN-SA212=w243-h174-n-k-no-nu,,
Waters,"301 Main St, Fort Worth, TX 76102",Seafood,Nice,"Crab cake. Fish and Chips. Skillet Brownie. A perfect meal to share or all for yourself, the atmosphere is peak downtown Fort Worth. It's the perfect stop before heading to Thompson's Library or Pete's Dueling Piano Bar because it sets the tone so perfectly for a nice night out.",https://www.waterstexas.com,https://lh3.googleusercontent.com/p/AF1QipNrjfZBpVhjyXYTpCu6yZhtD0f_UrhcWQwhbiPS=w243-h174-n-k-no-nu,,
Dutch's,"3009 S University Dr, Fort Worth, TX 76109",Burgers,Any,"This is the perfect place for a quick bite to eat for lunch! Their buns on their burgers are surprisingly incredible, and their salads are always fresh. The atmosphere is a little younger, with an extensive bar to the side. It's the place to go to watch TCU football when it's an away game, and it should be with it being named after the famous TCU football head coach, Dutch Meyer. ""Fight 'em 'til Hell freezes over, then fight 'em on ice.""",https://www.dutchshamburgers.com,https://lh3.googleusercontent.com/gps-cs-s/AHVAwercadVqQrKn5aXlFAMNypxiX8JAh4ermF6mgbUu71OZd__TfOyWn-qSt1lUDkWbq_5d-wVTXu9zNWTFoc4wqtDbE3DKFvwNUPSSZlZ9wtEl6I7ayRJyt5Hci790tCWr_Te2oZE=s1360-w1360-h1020,,
Hotel Particulier,"23 Av. Junot, 75018 Paris, France",Brunch,Chic,"The brunch here is like stepping back into a time capsule. It's a prefix menu, where you pick your choices in each of the three categories, with of course additional things being available off the menu. The pancakes were clearly cooked in butter, as they had that tell-tale ring of crispy deliciousness around the edge, and the eggs benedict were divine. This botique hotel is in the old Hermés family home, with only restorations and not renovations. It's in the gorgeous Montmarre neighborhood, and a short walk  to Sacre Coeur and the rest of that idyllic scenery. Love!",https://www.hotelparticulier.com,https://lh3.googleusercontent.com/p/AF1QipMJPhtdbPkSdApExPmHFGvbyJPOHIjDPWzrFQ2Y=w243-h174-n-k-no-nu,,
Le Sarah Bernhardt,"2 Pl. du Châtelet, 75004 Paris, France",French,Casual,"We happened upon this café when ducking to avoid the fat raindrops that were falling on one afternoon. The onion soup warmed us right up (or maybe it was the wine) and we had a fantastic snack here. As with most Parisian cafes, there is of course a lot more to the menu, but I can only speak in addition to the greatness of the tarte tartain. One of the best I've ever had. ",https://sarahbernhardt-paris.fr,https://lh3.googleusercontent.com/p/AF1QipMVe78UiW0ni48lDytD_wyn06WNu7uudR_FdzRv=w243-h174-n-k-no-nu,,
Lezard Café,"32 Rue Étienne Marcel, 75002 Paris, France",French,Casual,"I was initially attracted to the greenery of the décor, but we stayed for the espresso martinis. There were food options, but we didn't order any because all we were looking for were drinks. The espresso was fresh, the martini glasses chilled, and the ambience was warm, even if the temperature was cold. Beware- as with most Parisian outdoor dining experiences, there are a lot of smokers and vapers. ",https://linktr.ee/lezardcafe_paris,https://lh3.googleusercontent.com/p/AF1QipPUH-1wGKswyys_3wBJhJHJVxY_p1iXfA6tp1WR=w243-h304-n-k-no-nu,,
Bistro de Buci,"12 Rue de Buci, 75006 Paris, France",French,Chic,"I'd definitely recommend dinner here over lunch, as the atmosphere is much more condusive to that. I adored the Boudoir cocktail, and they do in fact have Dissoronno Amaretto (bonus!) in addition to the French classics. Ask for a table outside, so you can watch the people go by in Saint Germain, but if you do sit inside don't get stuck at the table in the corner upstairs. We asked to move. ",https://www.bonjour-ratp.fr/en/poi/6966c1729e7d215887ab0480/,https://lh3.googleusercontent.com/p/AF1QipNGP-39PoWOstMpwWI3F4mbkGOYGS0HyPwSxzDI=w243-h174-n-k-no-nu,,
Restaurant Les Arpents,"5 Rue d'Orange, 37400 Amboise, France",Mystery,Nice,"A phenomenal story from a very interesting restaurant. Two friends decided to open a restaurant where one of them did exclusively front of house, and the other was the chef. Each night, they cook you what they want you to have. The front-of-house guy talks to you a little bit, gets a feel for what you like and may be open to, and it's entirely a surprise what you recieve. Of course, any allergies or dietary restrictions are taken into account, but it is a fun and unique experience that's lurking in the streets of a quaint, storybook town. ",https://restaurant-lesarpents.fr,https://lh3.googleusercontent.com/gps-cs-s/AHVAweoOHGxQbKrAaQxmyiFyWZAE8hq9PfrzRPBBPqi5FSNN8tMdmz5lfG_7rUxxsoD5FxcZlK8vYvFKbDgXYy9iL8i4foPWw1OY-T7Gmavo935ZuWOb4TmlyKSt74Rzmg6NGl8uXXMUknbJypGx=w243-h174-n-k-no-nu,,
Le Raspail,"58 Bd Raspail, 75006 Paris, France",French,Nice-Casual,"This café is right next to one of the universities in Paris, so be prepared for a lot of college-aged French at peak times. I just had drinks here, but the people-watching was outstanding and the atmosphere was young and hip. The table next to us really enjoyed their fries and salads, but we were on our way to dinner after so we did not partake.",https://leraspail.fr,https://lh3.googleusercontent.com/gps-cs-s/AHVAweoCnyYw8ZQdHQ7HV7p8dOFoqUgF2IUFb6UKrwCBjRP7cLv1uCS1tY5vl8heX7zpRM7YBmzaRd_tqY8cylFac0b2G2YwONXANyqHQQG9tFBdzsJPBjdGZmnZKZJPLr7sCqUxnI_X7Q=w289-h312-n-k-no,,
Josephine,"117 Rue du Cherche-Midi, 75006 Paris, France",French,Chic,"If something's been around since 1888, then they must be doing something right. Most weekends are reservation only, something strange for a French place, but it is so worth it. The duck is the speciality of the house (and the logo) but the scallops were also fresh and on a very interesting bed of leeks that made me want to try to cook it at home. The service was impeccable, though that could have been a fluke, and it is so worth going back to again. Quick storytime about how we found this place: a good friend of ours, her husband, and their son all went there and shared the whole duck for two. It was life changing for them. Her husband was in a terrible accident that left him in a hospital for months in Boston, and one of the things that his son said to him was that if he could get better, they could go back and have this amazing duck again. It's literally a life-saving duck.",https://www.josephinechezdumonet.fr/en/,https://lh3.googleusercontent.com/p/AF1QipN-_9pC7A-SZiCa5RWNqml4RQXlvy7xzBPwIF0B=w243-h174-n-k-no-nu,,
Cocorico,"5 Rue du Bac, 75007 Paris, France",French,Chic,"I was reccomended this place by a dear friend who lived in Paris for a while when he was a kid. This was the place he and his family went to to celebrate with something ""boujee"" instead of cooking at home. It did not dissappoint. The classic French boeuf bourgignon was flavorful and rich, and the atmosphere inviting. There are a few locations across Paris, and I'd reccomend it wholeheartedly for a warm meal and a good cocktail.",https://lecocorico.paris,https://lh3.googleusercontent.com/gps-cs-s/AHVAwerePEiTbTUdq1Pwa4Y5wG-Ll1Q66evdhELK8g1ucLd5GyDNOPns_3K5tDQOAMTT1oDE9iB4DVJE55GNyDc0j4bqwizIlTq4FG5r32YYzE44guoztszr22229g8lShv8AWW4H9Dm=w289-h312-n-k-no,,
Pizzeria Popolare,"111 Rue Réaumur, 75002 Paris, France",Italian,Nice-Casual,"Make a reservation here, and the earlier the better. People start lining up outside about fifteen minutes before they open because this is a family-style seating place and once the first round of people come through, then you'll be sat with strangers. A fun concept, to be sure, but a little rushed. This is not a luxurious and languid dinner, this is eating good pizza quickly and moving to the next thing. Definitely reccomend for families with small children, though the limoncello spritz is perfect for the adults in the room.",https://www.circolopopolare.com/restaurants/pizzeriapopolare-paris,https://lh3.googleusercontent.com/gps-cs-s/AHVAwer-L5Qa77tLtJvBkM4jXC_HgxVKtsXVHjamqiZMb09tS_0YzJuXiFTONROjqJY0A7eeAFSfHcffYnVKOzENOtuhmyN0tMn9xEXXJvHj1saWZCAZ-00qqPX34AtxcAB5y7c8pRAS9w=w289-h312-n-k-no,,
Ritz Paris,"15 Pl. Vendôme, 75001 Paris, France",French,Fancy but not black tie,"There's a reason this place is famous. The Ritz is famous for their service, and for good reason. Even if you're just going for a drink at Hemmingway's bar, get there fifteen minutes before opening as there are no reservations and by 5:30 the wait was an hour and a half. If you're looking for something else, the tea service is excellent, though it is a French Tea Service, where everything is patisserie. Worth it just to be able to walk around this magnificent hotel.",https://www.ritzparis.com,https://lh3.googleusercontent.com/p/AF1QipO2bEqMaWEjd183Y3_hUYtd_Y65DhXKZ8q5vzBC=w243-h174-n-k-no-nu,,
Vagenende,"142 Bd Saint-Germain, 75006 Paris, France",French,Nice-Casual,"I've been twice here, and gotten something equally as good but different both times. A good mix of tourists and locals, this brasserie has good vibes, and if you sit in the back there's a waiter who used to be an opera singer. You'll be able to tell which one he is- you can hear it across the restaurant. If you're not alone, the sole meunier is fabulous and prepared tableside, but it is the whole fish.",https://www.en.vagenende.com,https://lh3.googleusercontent.com/gps-cs-s/AHVAwermII1K3Wy5lcrb9BpnXsR9-kPsfyrjLPj5ltrm6lepkogOg-y7J-AeHtshgcSnISLZYCqksjLpL_Uukrip63tTazryBTGxpo9dOzXkdGjFijLBazwMXEUSmgeYWIOGprj8oFKo=w289-h312-n-k-no,,
Amorino,"4 Rue de Buci, 75006 Paris, France",Ice Cream,Casual,"I think this chain exists in the US as well, but these are dotted all along Paris. The gelato is the perfect snack as you walk leisurely back to your hotel, passing the nightlife and excitement of the streets, and it's reasonably priced. ",https://www.amorino.com/en-us,https://lh3.googleusercontent.com/gps-cs-s/AHVAweq20Ymg51GUxEzpn5QLeMnM8Gr_hIL1QYeznCYAtskeDnHmg7PwuRxoWmRemKKYwUqRcuND54qJH5GP6Z3ApO6NmhNOBUHz-s8GfopvQub-Civ3XVmce9_o1xeWCZShsZuraJIRxO1wAcYl=w243-h174-n-k-no-nu,,
Maison Thevenin,"6 Rue de Buci, 75006 Paris, France",Patisserie,Any,"Go early in the morning for the warm and fresh croissants and baguettes. I know, everywhere in France has great bread, blah blah whatever, this place has a fantastic baguette that will be half eaten by the time you get where you're going.",https://www.maisonthevenin.fr,https://lh3.googleusercontent.com/gps-cs-s/AHVAwerLGxgqsnspmlifWA9RRT4xterG5OnKRtTzIkFeUXY6-XqG-pNxe_jVpbfqnOTggtSiT69xJ5dSPWfX0IL4ccIg0M7chjhgms3GjxoM9Nblv-fwU2LiaHzjSfVaPYoSkh8p_qEbxRI2vwwj=w141-h141-n-k-no-nu,,
Patisserie Bigot,"2 Rue nationale, 37400 Amboise, France",Patisserie,Any,"The best tarte tartin that I've ever had. The family who owns this patisserie is the same as when it opened in the 17th century, and one of the oldest in the area. If you're looking for more than just a dessert, the omlettes are fantastic and so is the quiche. There's a great view of Chateau Montmarte as you're eating outside, which only adds to the surreal feeling of being in a once-medieval town.",https://maisonbigot.fr,https://lh3.googleusercontent.com/p/AF1QipOGJlH7LEnVmar-DF0OsgX0Q_ED4mwKeB8EZD25=w243-h406-n-k-no-nu,,
Chenonceau Bout,"37150 Chenonceaux, France",Snacks,Casual,"A place to get a snack while getting the grand tour of the Ladies Castle grounds. If you go during the summer, they open up both sides, through the other side of the Loire River. It's about the atmosphere of stepping back in time, and oh so worth it. ",https://www.chenonceau.com/en/,https://lh3.googleusercontent.com/gps-cs-s/AHVAweoj31R9L4_GHPaw7m19K-UZFwCVwsZmH9yLcDVEioENnZuyWC7ypwQFSxK11RUNPpfop8tQNp7JWLtu1whlHgAVDiU1t95EkFGN15vEqTVx0JoGORI3w2_T7PWocRocSuowcIItuNjvDpis=s1360-w1360-h1020,,
Chez Bruno,"40 Pl. Michel Debré, 37400 Amboise, France",French,Casual,"The chef of this restaurant also has a family winery in the Loire Valley, something that is pretty common for the area. You can feel the love and care that is put into each dish, and the specials are always worth looking into.",https://www.restaurantbruno.com/en/menus,https://lh3.googleusercontent.com/gps-cs-s/AHVAweqZAPC6DXzeNkVv-ww2wUZfoaUILV4u3idiywl8tfnzt_LXgsxiLOB2COz2HOujfMhPEFdnMDgPIdGxS2gUDy6MFgf8u4BtnxS8l5-F4PWyi31WFMkXzWPJqXVYnQ7LD8k3btiWug=s1360-w1360-h1020,,
La Maison d'Isabelle,"47ter Bd Saint-Germain, 75005 Paris, France",Patisserie,Any,"Voted the best croissant in Paris… and they're right. Be prepared for the long lines, but oh my heavens it is worth it.",https://www.instagram.com/maison_isabelle_paris/?hl=en,https://lh3.googleusercontent.com/gps-cs-s/AHVAweraDlcK4FzzQOGTJVJkfXs02pd-W14mlca_YT7b-Xx9-rG3Fa8v2K3E0g4oiAnv_V6jtoagPL2jqSUqqvPOHNaFzPFMMieok7X49idx4Hakit4hYnYEA_xm6T7-oU2FuBacoWX5mXylKwQ=w243-h174-n-k-no-nu,,
